Time,Latitude,,Longitude,
233134,4202.1241,N,7141.7917,W
233135,4202.124,N,7141.7916,W
233136,4202.1239,N,7141.7917,W
233137,4202.1238,N,7141.7918,W
233138,4202.1237,N,7141.7918,W
233139,4202.1237,N,7141.7919,W
233140,4202.1237,N,7141.7919,W
233141,4202.1237,N,7141.7919,W
233142,4202.1237,N,7141.792,W
233143,4202.1237,N,7141.792,W
233144,4202.1238,N,7141.792,W
233145,4202.1238,N,7141.792,W
233146,4202.1239,N,7141.7921,W
233147,4202.1241,N,7141.7922,W
233148,4202.1242,N,7141.7922,W
233149,4202.1243,N,7141.7923,W
233150,4202.1244,N,7141.7924,W
233151,4202.1245,N,7141.7924,W
233152,4202.1245,N,7141.7925,W
233153,4202.1246,N,7141.7926,W
233154,4202.1246,N,7141.7926,W
233155,4202.1247,N,7141.7927,W
233156,4202.1247,N,7141.7927,W
233157,4202.1247,N,7141.7928,W
233158,4202.1247,N,7141.7928,W
233159,4202.1247,N,7141.7928,W
233200,4202.1247,N,7141.7928,W
233201,4202.1246,N,7141.7929,W
233202,4202.1246,N,7141.7929,W
233203,4202.1246,N,7141.7929,W
233204,4202.1246,N,7141.7929,W
233205,4202.1246,N,7141.793,W
233206,4202.1246,N,7141.793,W
233207,4202.1246,N,7141.793,W
233208,4202.1246,N,7141.793,W
233209,4202.1246,N,7141.793,W
233210,4202.1246,N,7141.793,W
233211,4202.1246,N,7141.793,W
233212,4202.1246,N,7141.793,W
233213,4202.1246,N,7141.793,W
233214,4202.1246,N,7141.793,W
233215,4202.1246,N,7141.793,W
233216,4202.1246,N,7141.793,W
233217,4202.1246,N,7141.793,W
233218,4202.1246,N,7141.793,W
233219,4202.1246,N,7141.793,W
233220,4202.1246,N,7141.793,W
233221,4202.1246,N,7141.793,W
233222,4202.1246,N,7141.793,W
233223,4202.1246,N,7141.793,W
233224,4202.1246,N,7141.793,W
233225,4202.1246,N,7141.793,W
233226,4202.1246,N,7141.793,W
233227,4202.1246,N,7141.793,W
233228,4202.1246,N,7141.793,W
233229,4202.1246,N,7141.793,W
233230,4202.1246,N,7141.793,W
233231,4202.1246,N,7141.793,W
233232,4202.1246,N,7141.793,W
233233,4202.1246,N,7141.793,W
233234,4202.1246,N,7141.793,W
233235,4202.1246,N,7141.793,W
233236,4202.1246,N,7141.793,W
233237,4202.1246,N,7141.793,W
233238,4202.1246,N,7141.793,W
233239,4202.1246,N,7141.793,W
233240,4202.1246,N,7141.793,W
233241,4202.1246,N,7141.793,W
233242,4202.1246,N,7141.793,W
233243,4202.1246,N,7141.793,W
233244,4202.1246,N,7141.7929,W
233245,4202.1246,N,7141.7929,W
233246,4202.1246,N,7141.7929,W
233247,4202.1246,N,7141.7929,W
233248,4202.1246,N,7141.7929,W
233249,4202.1246,N,7141.7929,W
233250,4202.1246,N,7141.7929,W
233251,4202.1246,N,7141.7929,W
233252,4202.1246,N,7141.7929,W
233253,4202.1246,N,7141.7929,W
233254,4202.1246,N,7141.7929,W
233255,4202.1246,N,7141.7929,W
233256,4202.1246,N,7141.7929,W
233257,4202.1246,N,7141.7929,W
233258,4202.1246,N,7141.7929,W
233259,4202.1246,N,7141.7929,W
233300,4202.1246,N,7141.7929,W
233301,4202.1246,N,7141.7929,W
233302,4202.1246,N,7141.7929,W
233303,4202.1246,N,7141.7929,W
233304,4202.1246,N,7141.7929,W
233305,4202.1246,N,7141.7929,W
233306,4202.1246,N,7141.7929,W
233307,4202.1246,N,7141.7929,W
233308,4202.1246,N,7141.7929,W
233309,4202.1246,N,7141.7929,W
233310,4202.1246,N,7141.7929,W
233311,4202.1246,N,7141.7929,W
233312,4202.1246,N,7141.7929,W
233313,4202.1246,N,7141.7929,W
233314,4202.1246,N,7141.7929,W
233315,4202.1246,N,7141.7929,W
233316,4202.1246,N,7141.7929,W
233317,4202.1246,N,7141.7929,W
233318,4202.1246,N,7141.7929,W
233319,4202.1246,N,7141.7929,W
233320,4202.1246,N,7141.7928,W
233321,4202.1246,N,7141.7928,W
233322,4202.1246,N,7141.7928,W
233323,4202.1246,N,7141.7928,W
233324,4202.1246,N,7141.7929,W
233325,4202.1246,N,7141.7928,W
233326,4202.1246,N,7141.7928,W
233327,4202.1245,N,7141.7928,W
233328,4202.1245,N,7141.7928,W
233329,4202.1245,N,7141.7928,W
233330,4202.1245,N,7141.7928,W
233331,4202.1245,N,7141.7928,W
233332,4202.1245,N,7141.7927,W
233333,4202.1246,N,7141.7927,W
233334,4202.1246,N,7141.7927,W
233335,4202.1246,N,7141.7927,W
233336,4202.1246,N,7141.7927,W
233337,4202.1246,N,7141.7927,W
233338,4202.1246,N,7141.7927,W
233339,4202.1246,N,7141.7926,W
233340,4202.1246,N,7141.7926,W
233341,4202.1246,N,7141.7926,W
233342,4202.1246,N,7141.7926,W
233343,4202.1246,N,7141.7926,W
233344,4202.1246,N,7141.7926,W
233345,4202.1246,N,7141.7926,W
233346,4202.1246,N,7141.7926,W
233347,4202.1246,N,7141.7925,W
233348,4202.1246,N,7141.7926,W
233349,4202.1246,N,7141.7926,W
233350,4202.1245,N,7141.7925,W
233351,4202.1245,N,7141.7926,W
233352,4202.1245,N,7141.7925,W
233353,4202.1245,N,7141.7926,W
233354,4202.1244,N,7141.7925,W
233355,4202.1244,N,7141.7925,W
233356,4202.1244,N,7141.7925,W
233357,4202.1244,N,7141.7925,W
233358,4202.1244,N,7141.7924,W
233359,4202.1244,N,7141.7924,W
233400,4202.1244,N,7141.7924,W
233401,4202.1244,N,7141.7924,W
233402,4202.1244,N,7141.7924,W
233403,4202.1244,N,7141.7924,W
233404,4202.1244,N,7141.7924,W
233405,4202.1244,N,7141.7924,W
233406,4202.1244,N,7141.7924,W
233407,4202.1244,N,7141.7924,W
233408,4202.1244,N,7141.7924,W
233409,4202.1244,N,7141.7924,W
233410,4202.1244,N,7141.7924,W
233411,4202.1244,N,7141.7924,W
233412,4202.1244,N,7141.7924,W
233413,4202.1244,N,7141.7924,W
233414,4202.1244,N,7141.7924,W
233415,4202.1244,N,7141.7924,W
233416,4202.1244,N,7141.7924,W
233417,4202.1244,N,7141.7924,W
233418,4202.1244,N,7141.7924,W
233419,4202.1244,N,7141.7924,W
233420,4202.1244,N,7141.7924,W
233421,4202.1244,N,7141.7924,W
233422,4202.1244,N,7141.7924,W
233423,4202.1244,N,7141.7924,W
233424,4202.1244,N,7141.7924,W
233425,4202.1244,N,7141.7924,W
233426,4202.1244,N,7141.7924,W
233427,4202.1244,N,7141.7924,W
233428,4202.1244,N,7141.7924,W
233429,4202.1244,N,7141.7924,W
233430,4202.1244,N,7141.7924,W
233431,4202.1244,N,7141.7924,W
233432,4202.1244,N,7141.7924,W
233433,4202.1244,N,7141.7924,W
233434,4202.1244,N,7141.7924,W
233435,4202.1244,N,7141.7924,W
233436,4202.1244,N,7141.7924,W
233437,4202.1244,N,7141.7924,W
233438,4202.1244,N,7141.7924,W
233439,4202.1244,N,7141.7924,W
233440,4202.1244,N,7141.7924,W
233441,4202.1244,N,7141.7924,W
233442,4202.1244,N,7141.7924,W
233443,4202.1244,N,7141.7924,W
233444,4202.1244,N,7141.7924,W
233445,4202.1244,N,7141.7924,W
233446,4202.1244,N,7141.7924,W
233447,4202.1244,N,7141.7924,W
233448,4202.1244,N,7141.7924,W
233449,4202.1244,N,7141.7924,W
233450,4202.1244,N,7141.7924,W
233451,4202.1244,N,7141.7924,W
233452,4202.1244,N,7141.7924,W
233453,4202.1244,N,7141.7924,W
233454,4202.1244,N,7141.7924,W
233455,4202.1244,N,7141.7924,W
233456,4202.1244,N,7141.7924,W
233457,4202.1244,N,7141.7924,W
233458,4202.1244,N,7141.7924,W
233459,4202.1244,N,7141.7924,W
233500,4202.1244,N,7141.7924,W
233501,4202.1244,N,7141.7924,W
233502,4202.1244,N,7141.7924,W
233503,4202.1244,N,7141.7924,W
233504,4202.1244,N,7141.7924,W
233505,4202.1244,N,7141.7924,W
233506,4202.1244,N,7141.7924,W
233507,4202.1244,N,7141.7924,W
233508,4202.1244,N,7141.7924,W
233509,4202.1244,N,7141.7924,W
233510,4202.1244,N,7141.7924,W
233511,4202.1244,N,7141.7924,W
233512,4202.1244,N,7141.7924,W
233513,4202.1244,N,7141.7924,W
233514,4202.1244,N,7141.7924,W
233515,4202.1244,N,7141.7924,W
233516,4202.1244,N,7141.7924,W
233517,4202.1244,N,7141.7924,W
233518,4202.1244,N,7141.7924,W
233519,4202.1244,N,7141.7924,W
233520,4202.1244,N,7141.7924,W
233521,4202.1244,N,7141.7924,W
233522,4202.1244,N,7141.7924,W
233523,4202.1244,N,7141.7924,W
233524,4202.1244,N,7141.7924,W
233525,4202.1244,N,7141.7924,W
233526,4202.1244,N,7141.7924,W
233527,4202.1244,N,7141.7923,W
233528,4202.1244,N,7141.7923,W
233529,4202.1244,N,7141.7923,W
233530,4202.1244,N,7141.7923,W
233531,4202.1244,N,7141.7923,W
233532,4202.1244,N,7141.7923,W
233533,4202.1244,N,7141.7923,W
233534,4202.1244,N,7141.7923,W
233535,4202.1244,N,7141.7923,W
233536,4202.1244,N,7141.7923,W
233537,4202.1244,N,7141.7923,W
233538,4202.1244,N,7141.7923,W
233539,4202.1244,N,7141.7923,W
233540,4202.1244,N,7141.7923,W
233541,4202.1244,N,7141.7923,W
233542,4202.1244,N,7141.7923,W
233543,4202.1243,N,7141.7923,W
233544,4202.1243,N,7141.7923,W
233545,4202.1243,N,7141.7923,W
233546,4202.1243,N,7141.7923,W
233547,4202.1243,N,7141.7923,W
233548,4202.1243,N,7141.7923,W
233549,4202.1243,N,7141.7923,W
233550,4202.1243,N,7141.7923,W
233551,4202.1243,N,7141.7923,W
233552,4202.1243,N,7141.7923,W
233553,4202.1243,N,7141.7923,W
233554,4202.1243,N,7141.7923,W
233555,4202.1243,N,7141.7923,W
233556,4202.1243,N,7141.7923,W
233557,4202.1243,N,7141.7923,W
233558,4202.1243,N,7141.7923,W
233559,4202.1243,N,7141.7923,W
233600,4202.1243,N,7141.7923,W
233601,4202.1243,N,7141.7923,W
233602,4202.1243,N,7141.7923,W
233603,4202.1243,N,7141.7923,W
233604,4202.1243,N,7141.7923,W
233605,4202.1243,N,7141.7923,W
233606,4202.1243,N,7141.7923,W
233607,4202.1243,N,7141.7923,W
233608,4202.1243,N,7141.7923,W
233609,4202.1243,N,7141.7923,W
233610,4202.1243,N,7141.7923,W
233611,4202.1243,N,7141.7923,W
233612,4202.1243,N,7141.7923,W
233613,4202.1243,N,7141.7923,W
233614,4202.1243,N,7141.7923,W
233615,4202.1243,N,7141.7923,W
233616,4202.1243,N,7141.7923,W
233617,4202.1243,N,7141.7923,W
233618,4202.1243,N,7141.7924,W
233619,4202.1243,N,7141.7924,W
233620,4202.1243,N,7141.7924,W
233621,4202.1243,N,7141.7924,W
233622,4202.1243,N,7141.7924,W
233623,4202.1243,N,7141.7924,W
233624,4202.1243,N,7141.7924,W
233625,4202.1243,N,7141.7924,W
233626,4202.1243,N,7141.7923,W
233627,4202.1243,N,7141.7923,W
233628,4202.1243,N,7141.7924,W
233629,4202.1243,N,7141.7924,W
233630,4202.1243,N,7141.7924,W
233631,4202.1243,N,7141.7924,W
233632,4202.1243,N,7141.7924,W
233633,4202.1243,N,7141.7923,W
233634,4202.1243,N,7141.7923,W
233635,4202.1243,N,7141.7923,W
233636,4202.1243,N,7141.7923,W
233637,4202.1243,N,7141.7923,W
233638,4202.1243,N,7141.7923,W
233639,4202.1243,N,7141.7923,W
233640,4202.1243,N,7141.7923,W
233641,4202.1243,N,7141.7923,W
233642,4202.1243,N,7141.7923,W
233643,4202.1243,N,7141.7923,W
233644,4202.1243,N,7141.7923,W
233645,4202.1243,N,7141.7923,W
233646,4202.1243,N,7141.7923,W
233647,4202.1243,N,7141.7923,W
233648,4202.1243,N,7141.7923,W
233649,4202.1243,N,7141.7923,W
233650,4202.1243,N,7141.7923,W
233651,4202.1243,N,7141.7923,W
233652,4202.1243,N,7141.7923,W
233653,4202.1243,N,7141.7923,W
233654,4202.1243,N,7141.7923,W
233655,4202.1243,N,7141.7923,W
233656,4202.1243,N,7141.7923,W
233657,4202.1243,N,7141.7923,W
233658,4202.1243,N,7141.7923,W
233659,4202.1243,N,7141.7923,W
233700,4202.1243,N,7141.7923,W
233701,4202.1243,N,7141.7923,W
233702,4202.1243,N,7141.7923,W
233703,4202.1243,N,7141.7923,W
233704,4202.1243,N,7141.7923,W
233705,4202.1243,N,7141.7923,W
233706,4202.1243,N,7141.7923,W
233707,4202.1243,N,7141.7923,W
233708,4202.1243,N,7141.7923,W
233709,4202.1243,N,7141.7923,W
233710,4202.1242,N,7141.7923,W
233711,4202.1242,N,7141.7923,W
233712,4202.1242,N,7141.7923,W
233713,4202.1242,N,7141.7923,W
233714,4202.1242,N,7141.7923,W
233715,4202.1242,N,7141.7923,W
233716,4202.1242,N,7141.7923,W
233717,4202.1242,N,7141.7923,W
233718,4202.1242,N,7141.7923,W
233719,4202.1242,N,7141.7923,W
233720,4202.1242,N,7141.7923,W
233721,4202.1242,N,7141.7923,W
233722,4202.1242,N,7141.7923,W
233723,4202.1242,N,7141.7923,W
233724,4202.1242,N,7141.7923,W
233725,4202.1242,N,7141.7923,W
233726,4202.1242,N,7141.7923,W
233727,4202.1242,N,7141.7923,W
233728,4202.1242,N,7141.7923,W
233729,4202.1242,N,7141.7923,W
233730,4202.1242,N,7141.7923,W
233731,4202.1242,N,7141.7923,W
233732,4202.1242,N,7141.7923,W
233733,4202.1242,N,7141.7923,W
233734,4202.1242,N,7141.7923,W
233735,4202.1242,N,7141.7923,W
233736,4202.1242,N,7141.7923,W
233737,4202.1242,N,7141.7923,W
233738,4202.1242,N,7141.7923,W
233739,4202.1242,N,7141.7923,W
233740,4202.1242,N,7141.7923,W
233741,4202.1242,N,7141.7923,W
233742,4202.1242,N,7141.7923,W
233743,4202.1242,N,7141.7923,W
233744,4202.1242,N,7141.7923,W
233745,4202.1242,N,7141.7923,W
233746,4202.1242,N,7141.7923,W
233747,4202.1242,N,7141.7923,W
233748,4202.1242,N,7141.7923,W
233749,4202.1242,N,7141.7923,W
233750,4202.1242,N,7141.7923,W
233751,4202.1242,N,7141.7923,W
233752,4202.1242,N,7141.7923,W
233753,4202.1242,N,7141.7923,W
233754,4202.1242,N,7141.7923,W
233755,4202.1242,N,7141.7923,W
233756,4202.1242,N,7141.7923,W
233757,4202.1242,N,7141.7923,W
233758,4202.1242,N,7141.7923,W
233759,4202.1242,N,7141.7923,W
233800,4202.1242,N,7141.7923,W
233801,4202.1242,N,7141.7923,W
233802,4202.1242,N,7141.7923,W
233803,4202.1242,N,7141.7923,W
233804,4202.1242,N,7141.7923,W
233805,4202.1242,N,7141.7923,W
233806,4202.1242,N,7141.7923,W
233807,4202.1242,N,7141.7923,W
233808,4202.1242,N,7141.7923,W
233809,4202.1242,N,7141.7923,W
233810,4202.1242,N,7141.7923,W
233811,4202.1242,N,7141.7923,W
233812,4202.1242,N,7141.7923,W
233813,4202.1242,N,7141.7923,W
233814,4202.1242,N,7141.7923,W
233815,4202.1242,N,7141.7923,W
233816,4202.1242,N,7141.7923,W
233817,4202.1242,N,7141.7923,W
233818,4202.1242,N,7141.7923,W
233819,4202.1242,N,7141.7923,W
233820,4202.1242,N,7141.7923,W
233821,4202.1242,N,7141.7923,W
233822,4202.1242,N,7141.7923,W
233823,4202.1242,N,7141.7923,W
233824,4202.1242,N,7141.7923,W
233825,4202.1242,N,7141.7923,W
233826,4202.1242,N,7141.7923,W
233827,4202.1242,N,7141.7923,W
233828,4202.1242,N,7141.7923,W
233829,4202.1242,N,7141.7923,W
233830,4202.1242,N,7141.7923,W
233831,4202.1242,N,7141.7923,W
233832,4202.1242,N,7141.7923,W
233833,4202.1242,N,7141.7923,W
233834,4202.1242,N,7141.7923,W
233835,4202.1242,N,7141.7923,W
233836,4202.1241,N,7141.7923,W
233837,4202.1241,N,7141.7923,W
233838,4202.1241,N,7141.7923,W
233839,4202.1241,N,7141.7923,W
233840,4202.1241,N,7141.7923,W
233841,4202.1241,N,7141.7923,W
233842,4202.1241,N,7141.7923,W
233843,4202.1241,N,7141.7923,W
233844,4202.1241,N,7141.7923,W
233845,4202.1241,N,7141.7923,W
233846,4202.1241,N,7141.7923,W
233847,4202.1241,N,7141.7923,W
233848,4202.1241,N,7141.7923,W
233849,4202.1241,N,7141.7923,W
233850,4202.1241,N,7141.7923,W
233851,4202.1241,N,7141.7923,W
233852,4202.1241,N,7141.7923,W
233853,4202.1241,N,7141.7923,W
233854,4202.1241,N,7141.7923,W
233855,4202.1241,N,7141.7923,W
233856,4202.1241,N,7141.7923,W
233857,4202.1241,N,7141.7923,W
233858,4202.1241,N,7141.7923,W
233859,4202.1241,N,7141.7923,W
233900,4202.1241,N,7141.7923,W
233901,4202.1241,N,7141.7923,W
233902,4202.1241,N,7141.7922,W
233903,4202.1241,N,7141.7922,W
233904,4202.1241,N,7141.7922,W
233905,4202.1241,N,7141.7922,W
233906,4202.1241,N,7141.7922,W
233907,4202.1241,N,7141.7922,W
233908,4202.1241,N,7141.7922,W
233909,4202.1241,N,7141.7922,W
233910,4202.1241,N,7141.7922,W
233911,4202.1241,N,7141.7922,W
233912,4202.1241,N,7141.7922,W
233913,4202.1241,N,7141.7922,W
233914,4202.1241,N,7141.7922,W
233915,4202.1241,N,7141.7922,W
233916,4202.1241,N,7141.7922,W
233917,4202.1241,N,7141.7922,W
233918,4202.1241,N,7141.7922,W
233919,4202.1241,N,7141.7922,W
233920,4202.1241,N,7141.7922,W
233921,4202.1241,N,7141.7922,W
233922,4202.1241,N,7141.7922,W
233923,4202.1241,N,7141.7922,W
233924,4202.1241,N,7141.7922,W
233925,4202.1241,N,7141.7922,W
233926,4202.1241,N,7141.7922,W
233927,4202.1241,N,7141.7922,W
233928,4202.1241,N,7141.7922,W
233929,4202.1241,N,7141.7922,W
233930,4202.1241,N,7141.7922,W
233931,4202.1241,N,7141.7922,W
233932,4202.1241,N,7141.7922,W
233933,4202.1241,N,7141.7922,W
233934,4202.1241,N,7141.7922,W
233935,4202.1241,N,7141.7922,W
233936,4202.1241,N,7141.7922,W
233937,4202.1241,N,7141.7922,W
233938,4202.1241,N,7141.7922,W
233939,4202.1241,N,7141.7922,W
233940,4202.1241,N,7141.7922,W
233941,4202.1241,N,7141.7922,W
233942,4202.1241,N,7141.7922,W
233943,4202.1241,N,7141.7922,W
233944,4202.1241,N,7141.7922,W
233945,4202.1241,N,7141.7922,W
233946,4202.1241,N,7141.7922,W
233947,4202.1241,N,7141.7922,W
233948,4202.1241,N,7141.7922,W
233949,4202.1241,N,7141.7922,W
233950,4202.1241,N,7141.7922,W
233951,4202.1241,N,7141.7922,W
233952,4202.1241,N,7141.7922,W
233953,4202.1241,N,7141.7922,W
233954,4202.1241,N,7141.7922,W
233955,4202.1241,N,7141.7922,W
233956,4202.1241,N,7141.7922,W
233957,4202.1241,N,7141.7922,W
233958,4202.1241,N,7141.7922,W
233959,4202.1241,N,7141.7922,W
234000,4202.1241,N,7141.7922,W
234001,4202.1241,N,7141.7922,W
234002,4202.1241,N,7141.7922,W
234003,4202.1241,N,7141.7922,W
234004,4202.1241,N,7141.7922,W
234005,4202.1241,N,7141.7922,W
234006,4202.1241,N,7141.7922,W
234007,4202.1241,N,7141.7922,W
234008,4202.1241,N,7141.7922,W
234009,4202.1241,N,7141.7922,W
234010,4202.1241,N,7141.7922,W
234011,4202.1241,N,7141.7922,W
234012,4202.1241,N,7141.7922,W
234013,4202.1241,N,7141.7922,W
234014,4202.1241,N,7141.7922,W
234015,4202.1241,N,7141.7922,W
234016,4202.1241,N,7141.7922,W
234017,4202.1241,N,7141.7922,W
234018,4202.1241,N,7141.7922,W
234019,4202.1241,N,7141.7922,W
234020,4202.1241,N,7141.7922,W
234021,4202.1241,N,7141.7922,W
234022,4202.1241,N,7141.7922,W
234023,4202.1241,N,7141.7922,W
234024,4202.1241,N,7141.7922,W
234025,4202.1241,N,7141.7922,W
234026,4202.1241,N,7141.7922,W
234027,4202.1241,N,7141.7922,W
234028,4202.1241,N,7141.7922,W
234029,4202.1241,N,7141.7922,W
234030,4202.1241,N,7141.7922,W
234031,4202.1241,N,7141.7922,W
234032,4202.1241,N,7141.7922,W
234033,4202.1241,N,7141.7922,W
234034,4202.1241,N,7141.7922,W
234035,4202.1241,N,7141.7922,W
234036,4202.1241,N,7141.7922,W
234037,4202.1241,N,7141.7922,W
234038,4202.1241,N,7141.7922,W
234039,4202.1241,N,7141.7922,W
234040,4202.1241,N,7141.7922,W
234041,4202.1241,N,7141.7922,W
234042,4202.1241,N,7141.7922,W
234043,4202.1241,N,7141.7922,W
234044,4202.124,N,7141.7922,W
234045,4202.124,N,7141.7922,W
234046,4202.124,N,7141.7922,W
234047,4202.124,N,7141.7922,W
234048,4202.124,N,7141.7922,W
234049,4202.124,N,7141.7922,W
234050,4202.124,N,7141.7922,W
234051,4202.124,N,7141.7922,W
234052,4202.124,N,7141.7922,W
234053,4202.124,N,7141.7922,W
234054,4202.124,N,7141.7922,W
234055,4202.124,N,7141.7922,W
234056,4202.124,N,7141.7922,W
234057,4202.124,N,7141.7922,W
234058,4202.124,N,7141.7922,W
234059,4202.124,N,7141.7922,W
234100,4202.124,N,7141.7922,W
234101,4202.124,N,7141.7922,W
234102,4202.124,N,7141.7922,W
234103,4202.124,N,7141.7922,W
234104,4202.124,N,7141.7922,W
234105,4202.124,N,7141.7922,W
234106,4202.124,N,7141.7922,W
234107,4202.124,N,7141.7922,W
234108,4202.124,N,7141.7922,W
234109,4202.124,N,7141.7922,W
234110,4202.124,N,7141.7921,W
234111,4202.124,N,7141.7921,W
234112,4202.124,N,7141.7921,W
234113,4202.124,N,7141.7921,W
234114,4202.124,N,7141.7921,W
234115,4202.124,N,7141.7921,W
234116,4202.124,N,7141.7921,W
234117,4202.124,N,7141.7921,W
234118,4202.124,N,7141.7921,W
234119,4202.124,N,7141.7921,W
234120,4202.124,N,7141.7921,W
234121,4202.124,N,7141.7921,W
234122,4202.124,N,7141.7921,W
234123,4202.124,N,7141.7921,W
234124,4202.124,N,7141.7921,W
234125,4202.124,N,7141.7921,W
234126,4202.124,N,7141.7921,W
234127,4202.124,N,7141.7921,W
234128,4202.124,N,7141.7921,W
234129,4202.124,N,7141.7921,W
234130,4202.124,N,7141.7921,W
234131,4202.124,N,7141.7921,W
234132,4202.124,N,7141.7921,W
234133,4202.124,N,7141.7921,W
234134,4202.124,N,7141.7921,W
234135,4202.124,N,7141.7921,W
234136,4202.124,N,7141.7921,W
234137,4202.124,N,7141.7921,W
234138,4202.124,N,7141.7921,W
234139,4202.124,N,7141.7921,W
234140,4202.124,N,7141.7921,W
234141,4202.124,N,7141.7921,W
234142,4202.124,N,7141.7921,W
234143,4202.124,N,7141.7921,W
234144,4202.124,N,7141.7921,W
234145,4202.124,N,7141.7921,W
234146,4202.124,N,7141.7921,W
234147,4202.124,N,7141.7921,W
234148,4202.124,N,7141.7921,W
234149,4202.124,N,7141.7921,W
234150,4202.124,N,7141.7921,W
234151,4202.124,N,7141.7921,W
234152,4202.124,N,7141.7921,W
234153,4202.124,N,7141.7921,W
234154,4202.124,N,7141.7921,W
234155,4202.124,N,7141.7921,W
234156,4202.124,N,7141.7921,W
234157,4202.124,N,7141.7921,W
234158,4202.124,N,7141.7921,W
234159,4202.124,N,7141.7921,W
234200,4202.124,N,7141.7921,W
234201,4202.124,N,7141.7921,W
234202,4202.124,N,7141.7921,W
234203,4202.124,N,7141.7921,W
234204,4202.124,N,7141.7921,W
234205,4202.124,N,7141.7921,W
234206,4202.124,N,7141.7921,W
234207,4202.124,N,7141.7921,W
234208,4202.124,N,7141.7921,W
234209,4202.124,N,7141.7921,W
234210,4202.124,N,7141.7921,W
234211,4202.124,N,7141.7921,W
234212,4202.124,N,7141.7921,W
234213,4202.124,N,7141.7921,W
234214,4202.124,N,7141.7921,W
234215,4202.124,N,7141.7921,W
234216,4202.124,N,7141.7921,W
234217,4202.124,N,7141.7921,W
234218,4202.124,N,7141.7921,W
234219,4202.1239,N,7141.7921,W
234220,4202.1239,N,7141.7921,W
234221,4202.1239,N,7141.7921,W
234222,4202.1239,N,7141.7921,W
234223,4202.1239,N,7141.7921,W
234224,4202.1239,N,7141.7921,W
234225,4202.1239,N,7141.7921,W
234226,4202.1239,N,7141.7921,W
234227,4202.1239,N,7141.7921,W
234228,4202.1239,N,7141.7921,W
234229,4202.1239,N,7141.7921,W
234230,4202.1239,N,7141.7921,W
234231,4202.1239,N,7141.7921,W
234232,4202.1239,N,7141.7921,W
234233,4202.1239,N,7141.7921,W
234234,4202.1239,N,7141.7921,W
234235,4202.1239,N,7141.7921,W
234236,4202.1239,N,7141.7921,W
234237,4202.1239,N,7141.7921,W
234238,4202.1239,N,7141.7921,W
234239,4202.1239,N,7141.7921,W
234240,4202.1239,N,7141.7921,W
234241,4202.1239,N,7141.7921,W
234242,4202.1239,N,7141.7921,W
234243,4202.1239,N,7141.7921,W
234244,4202.1239,N,7141.7921,W
234245,4202.1239,N,7141.7921,W
234246,4202.1239,N,7141.7921,W
234247,4202.1239,N,7141.7921,W
234248,4202.1239,N,7141.7921,W
234249,4202.1239,N,7141.7921,W
234250,4202.1239,N,7141.7921,W
234251,4202.1239,N,7141.7921,W
234252,4202.1239,N,7141.7921,W
234253,4202.1239,N,7141.7921,W
234254,4202.1239,N,7141.7921,W
234255,4202.1239,N,7141.7921,W
234256,4202.1239,N,7141.7921,W
234257,4202.1239,N,7141.7921,W
234258,4202.1239,N,7141.7921,W
234259,4202.1239,N,7141.7921,W
234300,4202.1239,N,7141.7921,W
234301,4202.1239,N,7141.7921,W
234302,4202.1239,N,7141.7921,W
234303,4202.1239,N,7141.7921,W
234304,4202.1239,N,7141.7921,W
234305,4202.1239,N,7141.7921,W
234306,4202.1239,N,7141.7921,W
234307,4202.1239,N,7141.7921,W
234308,4202.1239,N,7141.7921,W
234309,4202.1239,N,7141.7921,W
234310,4202.1239,N,7141.7921,W
234311,4202.1239,N,7141.7921,W
234312,4202.1239,N,7141.7921,W
234313,4202.1239,N,7141.7921,W
234314,4202.1239,N,7141.7921,W
234315,4202.1239,N,7141.7921,W
234316,4202.1239,N,7141.7921,W
234317,4202.1239,N,7141.7921,W
234318,4202.1239,N,7141.7921,W
234319,4202.1239,N,7141.7921,W
234320,4202.1239,N,7141.7921,W
234321,4202.1239,N,7141.7921,W
234322,4202.1239,N,7141.7921,W
234323,4202.1239,N,7141.7921,W
234324,4202.1239,N,7141.7921,W
234325,4202.1239,N,7141.7921,W
234326,4202.1239,N,7141.7921,W
234327,4202.1239,N,7141.7921,W
234328,4202.1239,N,7141.792,W
234329,4202.1239,N,7141.792,W
234330,4202.1239,N,7141.792,W
234331,4202.1239,N,7141.792,W
234332,4202.1239,N,7141.792,W
234333,4202.1239,N,7141.792,W
234334,4202.1239,N,7141.792,W
234335,4202.1239,N,7141.792,W
234336,4202.1239,N,7141.792,W
234337,4202.1239,N,7141.792,W
234338,4202.1239,N,7141.792,W
234339,4202.1239,N,7141.792,W
234340,4202.1239,N,7141.792,W
234341,4202.1239,N,7141.792,W
234342,4202.1239,N,7141.792,W
234343,4202.1239,N,7141.792,W
234344,4202.1239,N,7141.792,W
234345,4202.1239,N,7141.792,W
234346,4202.1239,N,7141.792,W
234347,4202.1239,N,7141.792,W
234348,4202.1239,N,7141.792,W
234349,4202.1238,N,7141.792,W
234350,4202.1238,N,7141.792,W
234351,4202.1238,N,7141.792,W
234352,4202.1238,N,7141.792,W
234353,4202.1238,N,7141.792,W
234354,4202.1238,N,7141.792,W
234355,4202.1238,N,7141.792,W
234356,4202.1238,N,7141.792,W
234357,4202.1238,N,7141.792,W
234358,4202.1238,N,7141.792,W
234359,4202.1238,N,7141.792,W
234400,4202.1238,N,7141.792,W
234401,4202.1238,N,7141.792,W
234402,4202.1238,N,7141.792,W
234403,4202.1238,N,7141.792,W
234404,4202.1238,N,7141.792,W
234405,4202.1238,N,7141.792,W
234406,4202.1238,N,7141.792,W
234407,4202.1238,N,7141.792,W
234408,4202.1238,N,7141.792,W
234409,4202.1238,N,7141.792,W
234410,4202.1238,N,7141.792,W
234411,4202.1238,N,7141.792,W
234412,4202.1238,N,7141.792,W
234413,4202.1238,N,7141.792,W
234414,4202.1238,N,7141.792,W
234415,4202.1238,N,7141.792,W
234416,4202.1238,N,7141.792,W
234417,4202.1238,N,7141.792,W
234418,4202.1238,N,7141.792,W
234419,4202.1238,N,7141.792,W
234420,4202.1238,N,7141.792,W
234421,4202.1238,N,7141.792,W
234422,4202.1238,N,7141.792,W
234423,4202.1238,N,7141.792,W
234424,4202.1238,N,7141.792,W
234425,4202.1238,N,7141.792,W
234426,4202.1238,N,7141.792,W
234427,4202.1238,N,7141.792,W
234428,4202.1238,N,7141.792,W
234429,4202.1238,N,7141.792,W
234430,4202.1238,N,7141.792,W
234431,4202.1238,N,7141.792,W
234432,4202.1238,N,7141.792,W
234433,4202.1238,N,7141.792,W
234434,4202.1238,N,7141.792,W
234435,4202.1238,N,7141.792,W
234436,4202.1238,N,7141.792,W
234437,4202.1238,N,7141.792,W
234438,4202.1238,N,7141.792,W
234439,4202.1238,N,7141.792,W
234440,4202.1238,N,7141.792,W
234441,4202.1238,N,7141.792,W
234442,4202.1238,N,7141.792,W
234443,4202.1238,N,7141.792,W
234444,4202.1238,N,7141.792,W
234445,4202.1238,N,7141.792,W
234446,4202.1238,N,7141.792,W
234447,4202.1238,N,7141.792,W
234448,4202.1238,N,7141.792,W
234449,4202.1238,N,7141.792,W
234450,4202.1238,N,7141.792,W
234451,4202.1238,N,7141.792,W
234452,4202.1238,N,7141.792,W
234453,4202.1238,N,7141.792,W
234454,4202.1238,N,7141.792,W
234455,4202.1238,N,7141.792,W
234456,4202.1238,N,7141.792,W
234457,4202.1238,N,7141.792,W
234458,4202.1238,N,7141.792,W
234459,4202.1238,N,7141.792,W
234500,4202.1238,N,7141.792,W
234501,4202.1238,N,7141.792,W
234502,4202.1238,N,7141.792,W
234503,4202.1238,N,7141.792,W
234504,4202.1238,N,7141.792,W
234505,4202.1238,N,7141.792,W
234506,4202.1238,N,7141.792,W
234507,4202.1238,N,7141.792,W
234508,4202.1238,N,7141.792,W
234509,4202.1238,N,7141.792,W
234510,4202.1238,N,7141.792,W
234511,4202.1237,N,7141.792,W
234512,4202.1237,N,7141.792,W
234513,4202.1237,N,7141.792,W
234514,4202.1237,N,7141.792,W
234515,4202.1237,N,7141.792,W
234516,4202.1237,N,7141.792,W
234517,4202.1237,N,7141.792,W
234518,4202.1237,N,7141.792,W
234519,4202.1237,N,7141.792,W
234520,4202.1237,N,7141.792,W
234521,4202.1237,N,7141.792,W
234522,4202.1237,N,7141.792,W
234523,4202.1237,N,7141.792,W
234524,4202.1237,N,7141.792,W
234525,4202.1237,N,7141.792,W
234526,4202.1237,N,7141.792,W
234527,4202.1237,N,7141.792,W
234528,4202.1237,N,7141.792,W
234529,4202.1237,N,7141.792,W
234530,4202.1237,N,7141.792,W
234531,4202.1237,N,7141.792,W
234532,4202.1237,N,7141.792,W
234533,4202.1237,N,7141.792,W
234534,4202.1237,N,7141.792,W
234535,4202.1237,N,7141.792,W
234536,4202.1237,N,7141.792,W
234537,4202.1237,N,7141.792,W
234538,4202.1237,N,7141.792,W
234539,4202.1237,N,7141.792,W
234540,4202.1237,N,7141.792,W
234541,4202.1237,N,7141.792,W
234542,4202.1237,N,7141.792,W
234543,4202.1237,N,7141.792,W
234544,4202.1237,N,7141.792,W
234545,4202.1237,N,7141.792,W
234546,4202.1237,N,7141.792,W
234547,4202.1237,N,7141.792,W
234548,4202.1237,N,7141.792,W
234549,4202.1237,N,7141.792,W
234550,4202.1237,N,7141.792,W
234551,4202.1237,N,7141.792,W
234552,4202.1237,N,7141.792,W
234553,4202.1237,N,7141.792,W
234554,4202.1237,N,7141.792,W
234555,4202.1237,N,7141.792,W
234556,4202.1237,N,7141.792,W
234557,4202.1237,N,7141.792,W
234558,4202.1237,N,7141.792,W
234559,4202.1237,N,7141.792,W
234600,4202.1237,N,7141.792,W
234601,4202.1237,N,7141.792,W
234602,4202.1237,N,7141.792,W
234603,4202.1237,N,7141.792,W
234604,4202.1237,N,7141.792,W
234605,4202.1237,N,7141.792,W
234606,4202.1237,N,7141.792,W
234607,4202.1237,N,7141.792,W
234608,4202.1237,N,7141.792,W
234609,4202.1237,N,7141.792,W
234610,4202.1237,N,7141.792,W
234611,4202.1237,N,7141.792,W
234612,4202.1237,N,7141.7919,W
234613,4202.1237,N,7141.7919,W
234614,4202.1237,N,7141.7919,W
234615,4202.1237,N,7141.792,W
234616,4202.1237,N,7141.792,W
234617,4202.1237,N,7141.792,W
234618,4202.1237,N,7141.792,W
234619,4202.1237,N,7141.792,W
234620,4202.1237,N,7141.792,W
234621,4202.1237,N,7141.792,W
234622,4202.1237,N,7141.792,W
234623,4202.1237,N,7141.792,W
234624,4202.1237,N,7141.792,W
234625,4202.1237,N,7141.7919,W
234626,4202.1237,N,7141.7919,W
234627,4202.1237,N,7141.7919,W
234628,4202.1237,N,7141.7919,W
234629,4202.1237,N,7141.7919,W
234630,4202.1237,N,7141.7919,W
234631,4202.1237,N,7141.7919,W
234632,4202.1237,N,7141.7919,W
234633,4202.1237,N,7141.7919,W
234634,4202.1237,N,7141.7919,W
234635,4202.1237,N,7141.7919,W
234636,4202.1237,N,7141.7919,W
234637,4202.1237,N,7141.7919,W
234638,4202.1237,N,7141.7919,W
234639,4202.1237,N,7141.7919,W
234640,4202.1237,N,7141.7919,W
234641,4202.1237,N,7141.7919,W
234642,4202.1237,N,7141.7919,W
234643,4202.1237,N,7141.7919,W
234644,4202.1237,N,7141.7919,W
234645,4202.1237,N,7141.7919,W
234646,4202.1237,N,7141.7919,W
234647,4202.1237,N,7141.7919,W
234648,4202.1237,N,7141.7919,W
234649,4202.1236,N,7141.7919,W
234650,4202.1236,N,7141.7919,W
234651,4202.1236,N,7141.7919,W
234652,4202.1236,N,7141.7919,W
234653,4202.1236,N,7141.7919,W
234654,4202.1236,N,7141.7919,W
234655,4202.1236,N,7141.7919,W
234656,4202.1236,N,7141.7919,W
234657,4202.1236,N,7141.7919,W
234658,4202.1236,N,7141.7919,W
234659,4202.1236,N,7141.7919,W
234700,4202.1236,N,7141.7919,W
234701,4202.1236,N,7141.7919,W
234702,4202.1236,N,7141.7919,W
234703,4202.1236,N,7141.7919,W
234704,4202.1236,N,7141.7919,W
234705,4202.1236,N,7141.7919,W
234706,4202.1236,N,7141.7919,W
234707,4202.1236,N,7141.7919,W
234708,4202.1236,N,7141.7919,W
234709,4202.1236,N,7141.7919,W
234710,4202.1236,N,7141.7919,W
234711,4202.1236,N,7141.7919,W
234712,4202.1236,N,7141.7919,W
234713,4202.1236,N,7141.7919,W
234714,4202.1236,N,7141.7919,W
234715,4202.1236,N,7141.7919,W
234716,4202.1236,N,7141.7919,W
234717,4202.1236,N,7141.7919,W
234718,4202.1236,N,7141.7919,W
234719,4202.1236,N,7141.7919,W
234720,4202.1236,N,7141.7919,W
234721,4202.1236,N,7141.7919,W
234722,4202.1236,N,7141.7919,W
234723,4202.1236,N,7141.7919,W
234724,4202.1236,N,7141.7919,W
234725,4202.1236,N,7141.7919,W
234726,4202.1236,N,7141.7919,W
234727,4202.1236,N,7141.7919,W
234728,4202.1236,N,7141.7919,W
234729,4202.1236,N,7141.7919,W
234730,4202.1236,N,7141.7919,W
234731,4202.1236,N,7141.7919,W
234732,4202.1236,N,7141.7919,W
234733,4202.1236,N,7141.7919,W
234734,4202.1236,N,7141.7919,W
234735,4202.1236,N,7141.7919,W
234736,4202.1236,N,7141.7919,W
234737,4202.1236,N,7141.7919,W
234738,4202.1236,N,7141.7919,W
234739,4202.1236,N,7141.7919,W
234740,4202.1236,N,7141.7919,W
234741,4202.1236,N,7141.7919,W
234742,4202.1236,N,7141.7919,W
234743,4202.1236,N,7141.7919,W
234744,4202.1236,N,7141.7919,W
234745,4202.1236,N,7141.7919,W
234746,4202.1236,N,7141.7919,W
234747,4202.1236,N,7141.7919,W
234748,4202.1236,N,7141.7919,W
234749,4202.1236,N,7141.7919,W
234750,4202.1236,N,7141.7919,W
234751,4202.1236,N,7141.7919,W
234752,4202.1236,N,7141.7919,W
234753,4202.1236,N,7141.7919,W
234754,4202.1236,N,7141.7919,W
234755,4202.1236,N,7141.7919,W
234756,4202.1236,N,7141.7919,W
234757,4202.1236,N,7141.7919,W
234758,4202.1236,N,7141.7919,W
234759,4202.1236,N,7141.7919,W
234800,4202.1236,N,7141.7919,W
234801,4202.1236,N,7141.7919,W
234802,4202.1236,N,7141.7919,W
234803,4202.1236,N,7141.7919,W
234804,4202.1236,N,7141.7919,W
234805,4202.1236,N,7141.7919,W
234806,4202.1236,N,7141.7919,W
234807,4202.1236,N,7141.7919,W
234808,4202.1236,N,7141.7919,W
234809,4202.1236,N,7141.7919,W
234810,4202.1236,N,7141.7919,W
234811,4202.1236,N,7141.7919,W
234812,4202.1236,N,7141.7919,W
234813,4202.1236,N,7141.7919,W
234814,4202.1236,N,7141.7919,W
234815,4202.1236,N,7141.7919,W
234816,4202.1236,N,7141.7919,W
234817,4202.1236,N,7141.7919,W
234818,4202.1236,N,7141.7919,W
234819,4202.1236,N,7141.7919,W
234820,4202.1236,N,7141.7919,W
234821,4202.1236,N,7141.7919,W
234822,4202.1236,N,7141.7919,W
234823,4202.1236,N,7141.7919,W
234824,4202.1236,N,7141.7919,W
234825,4202.1236,N,7141.7919,W
234826,4202.1236,N,7141.7919,W
234827,4202.1236,N,7141.7919,W
234828,4202.1236,N,7141.7919,W
234829,4202.1236,N,7141.7919,W
234830,4202.1236,N,7141.7919,W
234831,4202.1236,N,7141.7919,W
234832,4202.1236,N,7141.7919,W
234833,4202.1236,N,7141.7919,W
234834,4202.1236,N,7141.7919,W
234835,4202.1236,N,7141.7919,W
234836,4202.1236,N,7141.7919,W
234837,4202.1236,N,7141.7919,W
234838,4202.1236,N,7141.7919,W
234839,4202.1236,N,7141.7919,W
234840,4202.1236,N,7141.7919,W
234841,4202.1236,N,7141.7919,W
234842,4202.1236,N,7141.7919,W
234843,4202.1236,N,7141.7919,W
234844,4202.1236,N,7141.7919,W
234845,4202.1236,N,7141.7919,W
234846,4202.1236,N,7141.7919,W
234847,4202.1236,N,7141.7919,W
234848,4202.1236,N,7141.7919,W
234849,4202.1236,N,7141.7919,W
234850,4202.1236,N,7141.7919,W
234851,4202.1236,N,7141.7919,W
234852,4202.1236,N,7141.7919,W
234853,4202.1236,N,7141.7919,W
234854,4202.1236,N,7141.7919,W
234855,4202.1236,N,7141.7919,W
234856,4202.1236,N,7141.7919,W
234857,4202.1236,N,7141.7919,W
234858,4202.1236,N,7141.7919,W
234859,4202.1236,N,7141.7919,W
234900,4202.1236,N,7141.7919,W
234901,4202.1236,N,7141.7919,W
234902,4202.1236,N,7141.7919,W
234903,4202.1235,N,7141.7919,W
234904,4202.1235,N,7141.7919,W
234905,4202.1235,N,7141.7919,W
234906,4202.1235,N,7141.7919,W
234907,4202.1235,N,7141.7919,W
234908,4202.1235,N,7141.7919,W
234909,4202.1235,N,7141.7919,W
234910,4202.1235,N,7141.7919,W
234911,4202.1235,N,7141.7918,W
234912,4202.1235,N,7141.7918,W
234913,4202.1235,N,7141.7918,W
234914,4202.1235,N,7141.7918,W
234915,4202.1235,N,7141.7918,W
234916,4202.1235,N,7141.7918,W
234917,4202.1235,N,7141.7918,W
234918,4202.1235,N,7141.7918,W
234919,4202.1235,N,7141.7918,W
234920,4202.1235,N,7141.7918,W
234921,4202.1235,N,7141.7918,W
234922,4202.1235,N,7141.7918,W
234923,4202.1235,N,7141.7918,W
234924,4202.1235,N,7141.7918,W
234925,4202.1235,N,7141.7918,W
234926,4202.1235,N,7141.7918,W
234927,4202.1235,N,7141.7918,W
234928,4202.1235,N,7141.7918,W
234929,4202.1235,N,7141.7918,W
234930,4202.1235,N,7141.7918,W
234931,4202.1235,N,7141.7918,W
234932,4202.1235,N,7141.7918,W
234933,4202.1235,N,7141.7918,W
234934,4202.1235,N,7141.7918,W
234935,4202.1235,N,7141.7918,W
234936,4202.1235,N,7141.7918,W
234937,4202.1235,N,7141.7918,W
234938,4202.1235,N,7141.7918,W
234939,4202.1235,N,7141.7918,W
234940,4202.1235,N,7141.7918,W
234941,4202.1235,N,7141.7918,W
234942,4202.1235,N,7141.7918,W
234943,4202.1235,N,7141.7918,W
234944,4202.1235,N,7141.7918,W
234945,4202.1235,N,7141.7918,W
234946,4202.1235,N,7141.7918,W
234947,4202.1235,N,7141.7918,W
234948,4202.1235,N,7141.7918,W
234949,4202.1235,N,7141.7918,W
234950,4202.1235,N,7141.7918,W
234951,4202.1235,N,7141.7918,W
234952,4202.1235,N,7141.7918,W
234953,4202.1235,N,7141.7918,W
234954,4202.1235,N,7141.7918,W
234955,4202.1235,N,7141.7918,W
234956,4202.1235,N,7141.7918,W
234957,4202.1235,N,7141.7918,W
234958,4202.1235,N,7141.7918,W
234959,4202.1235,N,7141.7918,W
235000,4202.1235,N,7141.7918,W
235001,4202.1235,N,7141.7918,W
235002,4202.1235,N,7141.7918,W
235003,4202.1235,N,7141.7918,W
235004,4202.1235,N,7141.7918,W
235005,4202.1235,N,7141.7918,W
235006,4202.1235,N,7141.7918,W
235007,4202.1235,N,7141.7918,W
235008,4202.1235,N,7141.7918,W
235009,4202.1235,N,7141.7918,W
235010,4202.1235,N,7141.7918,W
235011,4202.1235,N,7141.7918,W
235012,4202.1235,N,7141.7918,W
235013,4202.1235,N,7141.7918,W
235014,4202.1235,N,7141.7918,W
235015,4202.1235,N,7141.7918,W
235016,4202.1235,N,7141.7918,W
235017,4202.1235,N,7141.7918,W
235018,4202.1235,N,7141.7918,W
235019,4202.1235,N,7141.7918,W
235020,4202.1235,N,7141.7918,W
235021,4202.1235,N,7141.7918,W
235022,4202.1235,N,7141.7918,W
235023,4202.1235,N,7141.7918,W
235024,4202.1235,N,7141.7918,W
235025,4202.1235,N,7141.7918,W
235026,4202.1235,N,7141.7918,W
235027,4202.1235,N,7141.7918,W
235028,4202.1235,N,7141.7918,W
235029,4202.1235,N,7141.7918,W
235030,4202.1235,N,7141.7918,W
235031,4202.1235,N,7141.7918,W
235032,4202.1235,N,7141.7918,W
235033,4202.1235,N,7141.7918,W
235034,4202.1235,N,7141.7918,W
235035,4202.1235,N,7141.7918,W
235036,4202.1235,N,7141.7918,W
235037,4202.1235,N,7141.7918,W
235038,4202.1234,N,7141.7918,W
235039,4202.1234,N,7141.7918,W
235040,4202.1234,N,7141.7918,W
235041,4202.1234,N,7141.7918,W
235042,4202.1234,N,7141.7918,W
235043,4202.1234,N,7141.7918,W
235044,4202.1234,N,7141.7918,W
235045,4202.1234,N,7141.7918,W
235046,4202.1234,N,7141.7918,W
235047,4202.1234,N,7141.7918,W
235048,4202.1234,N,7141.7918,W
235049,4202.1234,N,7141.7918,W
235050,4202.1234,N,7141.7918,W
235051,4202.1234,N,7141.7918,W
235052,4202.1234,N,7141.7918,W
235053,4202.1234,N,7141.7918,W
235054,4202.1234,N,7141.7918,W
235055,4202.1234,N,7141.7918,W
235056,4202.1234,N,7141.7918,W
235057,4202.1234,N,7141.7918,W
235058,4202.1234,N,7141.7918,W
235059,4202.1234,N,7141.7918,W
235100,4202.1234,N,7141.7918,W
235101,4202.1234,N,7141.7918,W
235102,4202.1234,N,7141.7918,W
235103,4202.1234,N,7141.7918,W
235104,4202.1234,N,7141.7918,W
235105,4202.1234,N,7141.7918,W
235106,4202.1234,N,7141.7918,W
235107,4202.1234,N,7141.7918,W
235108,4202.1234,N,7141.7918,W
235109,4202.1234,N,7141.7918,W
235110,4202.1234,N,7141.7918,W
235111,4202.1234,N,7141.7918,W
235112,4202.1234,N,7141.7918,W
235113,4202.1234,N,7141.7918,W
235114,4202.1234,N,7141.7918,W
235115,4202.1234,N,7141.7917,W
235116,4202.1234,N,7141.7917,W
235117,4202.1234,N,7141.7917,W
235118,4202.1234,N,7141.7917,W
235119,4202.1234,N,7141.7917,W
235120,4202.1234,N,7141.7917,W
235121,4202.1234,N,7141.7917,W
235122,4202.1234,N,7141.7917,W
235123,4202.1234,N,7141.7917,W
235124,4202.1234,N,7141.7917,W
235125,4202.1234,N,7141.7917,W
235126,4202.1234,N,7141.7917,W
235127,4202.1234,N,7141.7917,W
235128,4202.1234,N,7141.7917,W
235129,4202.1234,N,7141.7917,W
235130,4202.1234,N,7141.7917,W
235131,4202.1234,N,7141.7917,W
235132,4202.1234,N,7141.7917,W
235133,4202.1234,N,7141.7917,W
235134,4202.1234,N,7141.7917,W
235135,4202.1234,N,7141.7917,W
235136,4202.1234,N,7141.7917,W
235137,4202.1234,N,7141.7917,W
235138,4202.1234,N,7141.7917,W
235139,4202.1234,N,7141.7917,W
235140,4202.1234,N,7141.7917,W
235141,4202.1234,N,7141.7917,W
235142,4202.1234,N,7141.7917,W
235143,4202.1234,N,7141.7917,W
235144,4202.1234,N,7141.7917,W
235145,4202.1234,N,7141.7917,W
235146,4202.1234,N,7141.7917,W
235147,4202.1234,N,7141.7917,W
235148,4202.1234,N,7141.7917,W
235149,4202.1234,N,7141.7917,W
235150,4202.1234,N,7141.7917,W
235151,4202.1234,N,7141.7917,W
235152,4202.1234,N,7141.7917,W
235153,4202.1234,N,7141.7917,W
235154,4202.1234,N,7141.7917,W
235155,4202.1234,N,7141.7917,W
235156,4202.1234,N,7141.7917,W
235157,4202.1234,N,7141.7917,W
235158,4202.1234,N,7141.7917,W
235159,4202.1234,N,7141.7917,W
235200,4202.1234,N,7141.7917,W
235201,4202.1234,N,7141.7917,W
235202,4202.1234,N,7141.7917,W
235203,4202.1234,N,7141.7917,W
235204,4202.1234,N,7141.7917,W
235205,4202.1234,N,7141.7917,W
235206,4202.1234,N,7141.7917,W
235207,4202.1234,N,7141.7917,W
235208,4202.1234,N,7141.7917,W
235209,4202.1234,N,7141.7917,W
235210,4202.1234,N,7141.7917,W
235211,4202.1234,N,7141.7917,W
235212,4202.1234,N,7141.7917,W
235213,4202.1234,N,7141.7917,W
235214,4202.1234,N,7141.7917,W
235215,4202.1234,N,7141.7917,W
235216,4202.1234,N,7141.7917,W
235217,4202.1234,N,7141.7917,W
235218,4202.1234,N,7141.7917,W
235219,4202.1234,N,7141.7917,W
235220,4202.1234,N,7141.7917,W
235221,4202.1234,N,7141.7917,W
235222,4202.1234,N,7141.7917,W
235223,4202.1234,N,7141.7917,W
235224,4202.1234,N,7141.7917,W
235225,4202.1234,N,7141.7917,W
235226,4202.1234,N,7141.7917,W
235227,4202.1234,N,7141.7917,W
235228,4202.1234,N,7141.7917,W
235229,4202.1234,N,7141.7917,W
235230,4202.1234,N,7141.7917,W
235231,4202.1234,N,7141.7917,W
235232,4202.1234,N,7141.7917,W
235233,4202.1234,N,7141.7917,W
235234,4202.1234,N,7141.7917,W
235235,4202.1234,N,7141.7917,W
235236,4202.1234,N,7141.7917,W
235237,4202.1234,N,7141.7917,W
235238,4202.1234,N,7141.7917,W
235239,4202.1234,N,7141.7917,W
235240,4202.1234,N,7141.7917,W
235241,4202.1234,N,7141.7917,W
235242,4202.1234,N,7141.7917,W
235243,4202.1234,N,7141.7917,W
235244,4202.1234,N,7141.7917,W
235245,4202.1234,N,7141.7917,W
235246,4202.1234,N,7141.7917,W
235247,4202.1234,N,7141.7917,W
235248,4202.1234,N,7141.7917,W
235249,4202.1234,N,7141.7917,W
235250,4202.1234,N,7141.7917,W
235251,4202.1234,N,7141.7917,W
235252,4202.1234,N,7141.7917,W
235253,4202.1234,N,7141.7917,W
235254,4202.1234,N,7141.7917,W
235255,4202.1234,N,7141.7917,W
235256,4202.1234,N,7141.7917,W
235257,4202.1234,N,7141.7917,W
235258,4202.1234,N,7141.7917,W
235259,4202.1234,N,7141.7917,W
235300,4202.1233,N,7141.7917,W
235301,4202.1233,N,7141.7917,W
235302,4202.1233,N,7141.7917,W
235303,4202.1233,N,7141.7917,W
235304,4202.1233,N,7141.7917,W
235305,4202.1233,N,7141.7917,W
235306,4202.1233,N,7141.7917,W
235307,4202.1233,N,7141.7917,W
235308,4202.1233,N,7141.7917,W
235309,4202.1233,N,7141.7917,W
235310,4202.1233,N,7141.7917,W
235311,4202.1233,N,7141.7917,W
235312,4202.1233,N,7141.7917,W
235313,4202.1233,N,7141.7917,W
235314,4202.1233,N,7141.7917,W
235315,4202.1233,N,7141.7917,W
235316,4202.1233,N,7141.7917,W
235317,4202.1233,N,7141.7917,W
235318,4202.1233,N,7141.7917,W
235319,4202.1233,N,7141.7917,W
235320,4202.1233,N,7141.7917,W
235321,4202.1233,N,7141.7917,W
235322,4202.1233,N,7141.7917,W
235323,4202.1233,N,7141.7917,W
235324,4202.1233,N,7141.7917,W
235325,4202.1233,N,7141.7917,W
235326,4202.1233,N,7141.7917,W
235327,4202.1233,N,7141.7917,W
235328,4202.1233,N,7141.7917,W
235329,4202.1233,N,7141.7917,W
235330,4202.1233,N,7141.7917,W
235331,4202.1233,N,7141.7917,W
235332,4202.1233,N,7141.7917,W
235333,4202.1233,N,7141.7917,W
235334,4202.1233,N,7141.7917,W
235335,4202.1233,N,7141.7917,W
235336,4202.1233,N,7141.7917,W
235337,4202.1233,N,7141.7917,W
235338,4202.1233,N,7141.7917,W
235339,4202.1233,N,7141.7917,W
235340,4202.1233,N,7141.7917,W
235341,4202.1233,N,7141.7917,W
235342,4202.1233,N,7141.7917,W
235343,4202.1233,N,7141.7917,W
235344,4202.1233,N,7141.7917,W
235345,4202.1233,N,7141.7917,W
235346,4202.1233,N,7141.7917,W
235347,4202.1233,N,7141.7917,W
235348,4202.1233,N,7141.7917,W
235349,4202.1233,N,7141.7917,W
235350,4202.1233,N,7141.7917,W
235351,4202.1233,N,7141.7917,W
235352,4202.1233,N,7141.7917,W
235353,4202.1233,N,7141.7917,W
235354,4202.1233,N,7141.7917,W
235355,4202.1233,N,7141.7917,W
235356,4202.1233,N,7141.7917,W
235357,4202.1233,N,7141.7917,W
235358,4202.1233,N,7141.7917,W
235359,4202.1233,N,7141.7917,W
235400,4202.1233,N,7141.7917,W
235401,4202.1233,N,7141.7917,W
235402,4202.1233,N,7141.7917,W
235403,4202.1233,N,7141.7917,W
235404,4202.1233,N,7141.7917,W
235405,4202.1233,N,7141.7917,W
235406,4202.1233,N,7141.7917,W
235407,4202.1233,N,7141.7917,W
235408,4202.1233,N,7141.7917,W
235409,4202.1233,N,7141.7917,W
235410,4202.1233,N,7141.7917,W
235411,4202.1233,N,7141.7917,W
235412,4202.1233,N,7141.7917,W
235413,4202.1233,N,7141.7917,W
235414,4202.1233,N,7141.7917,W
235415,4202.1233,N,7141.7917,W
235416,4202.1233,N,7141.7917,W
235417,4202.1233,N,7141.7917,W
235418,4202.1233,N,7141.7917,W
235419,4202.1233,N,7141.7917,W
235420,4202.1233,N,7141.7917,W
235421,4202.1233,N,7141.7917,W
235422,4202.1233,N,7141.7917,W
235423,4202.1233,N,7141.7917,W
235424,4202.1233,N,7141.7917,W
235425,4202.1233,N,7141.7917,W
235426,4202.1233,N,7141.7917,W
235427,4202.1233,N,7141.7917,W
235428,4202.1233,N,7141.7917,W
235429,4202.1233,N,7141.7917,W
235430,4202.1233,N,7141.7917,W
235431,4202.1233,N,7141.7916,W
235432,4202.1233,N,7141.7916,W
235433,4202.1233,N,7141.7916,W
235434,4202.1233,N,7141.7916,W
235435,4202.1233,N,7141.7916,W
235436,4202.1233,N,7141.7916,W
235437,4202.1233,N,7141.7916,W
235438,4202.1233,N,7141.7916,W
235439,4202.1233,N,7141.7916,W
235440,4202.1233,N,7141.7916,W
235441,4202.1233,N,7141.7916,W
235442,4202.1233,N,7141.7916,W
235443,4202.1233,N,7141.7916,W
235444,4202.1233,N,7141.7916,W
235445,4202.1233,N,7141.7916,W
235446,4202.1233,N,7141.7916,W
235447,4202.1233,N,7141.7916,W
235448,4202.1233,N,7141.7916,W
235449,4202.1233,N,7141.7916,W
235450,4202.1233,N,7141.7916,W
235451,4202.1233,N,7141.7916,W
235452,4202.1233,N,7141.7916,W
235453,4202.1233,N,7141.7916,W
235454,4202.1233,N,7141.7916,W
235455,4202.1233,N,7141.7916,W
235456,4202.1233,N,7141.7916,W
235457,4202.1233,N,7141.7916,W
235458,4202.1233,N,7141.7916,W
235459,4202.1233,N,7141.7916,W
235500,4202.1233,N,7141.7916,W
235501,4202.1233,N,7141.7916,W
235502,4202.1233,N,7141.7916,W
235503,4202.1233,N,7141.7916,W
235504,4202.1233,N,7141.7916,W
235505,4202.1233,N,7141.7916,W
235506,4202.1233,N,7141.7916,W
235507,4202.1233,N,7141.7916,W
235508,4202.1233,N,7141.7916,W
235509,4202.1233,N,7141.7916,W
235510,4202.1233,N,7141.7916,W
235511,4202.1233,N,7141.7916,W
235512,4202.1233,N,7141.7916,W
235513,4202.1233,N,7141.7916,W
235514,4202.1233,N,7141.7916,W
235515,4202.1233,N,7141.7916,W
235516,4202.1233,N,7141.7916,W
235517,4202.1233,N,7141.7916,W
235518,4202.1233,N,7141.7916,W
235519,4202.1233,N,7141.7916,W
235520,4202.1233,N,7141.7916,W
235521,4202.1233,N,7141.7916,W
235522,4202.1233,N,7141.7916,W
235523,4202.1233,N,7141.7916,W
235524,4202.1233,N,7141.7916,W
235525,4202.1233,N,7141.7916,W
235526,4202.1233,N,7141.7916,W
235527,4202.1233,N,7141.7916,W
235528,4202.1233,N,7141.7916,W
235529,4202.1233,N,7141.7916,W
235530,4202.1233,N,7141.7916,W
235531,4202.1232,N,7141.7916,W
235532,4202.1232,N,7141.7916,W
235533,4202.1233,N,7141.7916,W
235534,4202.1233,N,7141.7916,W
235535,4202.1233,N,7141.7916,W
235536,4202.1232,N,7141.7916,W
235537,4202.1232,N,7141.7916,W
235538,4202.1232,N,7141.7916,W
235539,4202.1232,N,7141.7916,W
235540,4202.1232,N,7141.7916,W
235541,4202.1232,N,7141.7916,W
235542,4202.1232,N,7141.7916,W
235543,4202.1232,N,7141.7916,W
235544,4202.1232,N,7141.7916,W
235545,4202.1232,N,7141.7916,W
235546,4202.1232,N,7141.7916,W
235547,4202.1232,N,7141.7916,W
235548,4202.1232,N,7141.7916,W
235549,4202.1232,N,7141.7916,W
235550,4202.1232,N,7141.7916,W
235551,4202.1232,N,7141.7916,W
235552,4202.1232,N,7141.7916,W
235553,4202.1232,N,7141.7916,W
235554,4202.1232,N,7141.7916,W
235555,4202.1232,N,7141.7916,W
235556,4202.1232,N,7141.7916,W
235557,4202.1232,N,7141.7916,W
235558,4202.1232,N,7141.7916,W
235559,4202.1232,N,7141.7916,W
235600,4202.1232,N,7141.7916,W
235601,4202.1232,N,7141.7916,W
235602,4202.1232,N,7141.7916,W
235603,4202.1232,N,7141.7916,W
235604,4202.1232,N,7141.7916,W
235605,4202.1232,N,7141.7916,W
235606,4202.1232,N,7141.7916,W
235607,4202.1232,N,7141.7916,W
235608,4202.1232,N,7141.7916,W
235609,4202.1232,N,7141.7916,W
235610,4202.1232,N,7141.7916,W
235611,4202.1232,N,7141.7916,W
235612,4202.1232,N,7141.7916,W
235613,4202.1232,N,7141.7916,W
235614,4202.1232,N,7141.7916,W
235615,4202.1232,N,7141.7916,W
235616,4202.1232,N,7141.7916,W
235617,4202.1232,N,7141.7916,W
235618,4202.1232,N,7141.7916,W
235619,4202.1232,N,7141.7916,W
235620,4202.1232,N,7141.7916,W
235621,4202.1232,N,7141.7916,W
235622,4202.1232,N,7141.7916,W
235623,4202.1232,N,7141.7916,W
235624,4202.1232,N,7141.7916,W
235625,4202.1232,N,7141.7916,W
235626,4202.1232,N,7141.7916,W
235627,4202.1232,N,7141.7916,W
235628,4202.1232,N,7141.7916,W
235629,4202.1232,N,7141.7916,W
235630,4202.1232,N,7141.7916,W
235631,4202.1232,N,7141.7916,W
235632,4202.1232,N,7141.7916,W
235633,4202.1232,N,7141.7916,W
235634,4202.1232,N,7141.7916,W
235635,4202.1232,N,7141.7916,W
235636,4202.1232,N,7141.7916,W
235637,4202.1232,N,7141.7916,W
235638,4202.1232,N,7141.7916,W
235639,4202.1232,N,7141.7916,W
235640,4202.1232,N,7141.7916,W
235641,4202.1232,N,7141.7916,W
235642,4202.1232,N,7141.7916,W
235643,4202.1232,N,7141.7916,W
235644,4202.1232,N,7141.7916,W
235645,4202.1232,N,7141.7916,W
235646,4202.1232,N,7141.7916,W
235647,4202.1232,N,7141.7916,W
235648,4202.1232,N,7141.7916,W
235649,4202.1232,N,7141.7916,W
235650,4202.1232,N,7141.7916,W
235651,4202.1232,N,7141.7916,W
235652,4202.1232,N,7141.7916,W
235653,4202.1232,N,7141.7916,W
235654,4202.1232,N,7141.7916,W
235655,4202.1232,N,7141.7916,W
235656,4202.1232,N,7141.7916,W
235657,4202.1232,N,7141.7916,W
235658,4202.1232,N,7141.7916,W
235659,4202.1232,N,7141.7916,W
235700,4202.1232,N,7141.7916,W
235701,4202.1232,N,7141.7916,W
235702,4202.1232,N,7141.7916,W
235703,4202.1232,N,7141.7916,W
235704,4202.1232,N,7141.7916,W
235705,4202.1232,N,7141.7916,W
235706,4202.1232,N,7141.7916,W
235707,4202.1232,N,7141.7916,W
235708,4202.1232,N,7141.7916,W
235709,4202.1232,N,7141.7916,W
235710,4202.1232,N,7141.7916,W
235711,4202.1232,N,7141.7916,W
235712,4202.1232,N,7141.7916,W
235713,4202.1232,N,7141.7916,W
235714,4202.1232,N,7141.7916,W
235715,4202.1232,N,7141.7916,W
235716,4202.1232,N,7141.7916,W
235717,4202.1232,N,7141.7916,W
235718,4202.1232,N,7141.7916,W
235719,4202.1232,N,7141.7916,W
235720,4202.1232,N,7141.7916,W
235721,4202.1232,N,7141.7916,W
235722,4202.1232,N,7141.7916,W
235723,4202.1232,N,7141.7916,W
235724,4202.1232,N,7141.7916,W
235725,4202.1232,N,7141.7916,W
235726,4202.1232,N,7141.7916,W
235727,4202.1232,N,7141.7916,W
235728,4202.1232,N,7141.7916,W
235729,4202.1232,N,7141.7916,W
235730,4202.1232,N,7141.7916,W
235731,4202.1232,N,7141.7916,W
235732,4202.1232,N,7141.7916,W
235733,4202.1232,N,7141.7916,W
235734,4202.1232,N,7141.7916,W
235735,4202.1232,N,7141.7916,W
235736,4202.1232,N,7141.7916,W
235737,4202.1232,N,7141.7916,W
235738,4202.1232,N,7141.7916,W
235739,4202.1232,N,7141.7916,W
235740,4202.1232,N,7141.7916,W
235741,4202.1232,N,7141.7916,W
235742,4202.1232,N,7141.7916,W
235743,4202.1232,N,7141.7916,W
235744,4202.1232,N,7141.7916,W
235745,4202.1232,N,7141.7916,W
235746,4202.1232,N,7141.7916,W
235747,4202.1232,N,7141.7916,W
235748,4202.1232,N,7141.7916,W
235749,4202.1232,N,7141.7916,W
235750,4202.1232,N,7141.7916,W
235751,4202.1232,N,7141.7916,W
235752,4202.1232,N,7141.7916,W
235753,4202.1232,N,7141.7916,W
235754,4202.1232,N,7141.7916,W
235755,4202.1232,N,7141.7916,W
235756,4202.1232,N,7141.7916,W
235757,4202.1232,N,7141.7916,W
235758,4202.1232,N,7141.7916,W
235759,4202.1232,N,7141.7916,W
235800,4202.1232,N,7141.7916,W
235801,4202.1232,N,7141.7916,W
235802,4202.1232,N,7141.7916,W
235803,4202.1232,N,7141.7916,W
235804,4202.1232,N,7141.7916,W
235805,4202.1232,N,7141.7916,W
235806,4202.1232,N,7141.7916,W
235807,4202.1232,N,7141.7916,W
235808,4202.1232,N,7141.7916,W
235809,4202.1232,N,7141.7916,W
235810,4202.1232,N,7141.7916,W
235811,4202.1232,N,7141.7916,W
235812,4202.1232,N,7141.7916,W
235813,4202.1232,N,7141.7916,W
235814,4202.1232,N,7141.7916,W
235815,4202.1232,N,7141.7916,W
235816,4202.1232,N,7141.7916,W
235817,4202.1232,N,7141.7916,W
235818,4202.1232,N,7141.7916,W
235819,4202.1232,N,7141.7916,W
235820,4202.1232,N,7141.7916,W
235821,4202.1232,N,7141.7916,W
235822,4202.1232,N,7141.7916,W
235823,4202.1232,N,7141.7916,W
235824,4202.1232,N,7141.7916,W
235825,4202.1232,N,7141.7916,W
235826,4202.1232,N,7141.7916,W
235827,4202.1232,N,7141.7916,W
235828,4202.1232,N,7141.7916,W
235829,4202.1232,N,7141.7916,W
235830,4202.1232,N,7141.7916,W
235831,4202.1232,N,7141.7916,W
235832,4202.1232,N,7141.7916,W
235833,4202.1232,N,7141.7916,W
235834,4202.1232,N,7141.7916,W
235835,4202.1232,N,7141.7916,W
235836,4202.1232,N,7141.7916,W
235837,4202.1232,N,7141.7916,W
235838,4202.1232,N,7141.7916,W
235839,4202.1232,N,7141.7916,W
235840,4202.1232,N,7141.7916,W
235841,4202.1232,N,7141.7916,W
235842,4202.1232,N,7141.7916,W
235843,4202.1232,N,7141.7916,W
235844,4202.1232,N,7141.7916,W
235845,4202.1232,N,7141.7916,W
235846,4202.1232,N,7141.7916,W
235847,4202.1232,N,7141.7916,W
235848,4202.1232,N,7141.7916,W
235849,4202.1232,N,7141.7916,W
235850,4202.1232,N,7141.7916,W
235851,4202.1232,N,7141.7916,W
235852,4202.1232,N,7141.7916,W
235853,4202.1232,N,7141.7916,W
235854,4202.1232,N,7141.7916,W
235855,4202.1232,N,7141.7916,W
235856,4202.1232,N,7141.7916,W
235857,4202.1232,N,7141.7916,W
235858,4202.1232,N,7141.7916,W
235859,4202.1232,N,7141.7916,W
235900,4202.1232,N,7141.7916,W
235901,4202.1232,N,7141.7916,W
235902,4202.1232,N,7141.7916,W
235903,4202.1232,N,7141.7916,W
235904,4202.1232,N,7141.7916,W
235905,4202.1232,N,7141.7916,W
235906,4202.1232,N,7141.7916,W
235907,4202.1232,N,7141.7916,W
235908,4202.1232,N,7141.7916,W
235909,4202.1232,N,7141.7916,W
235910,4202.1232,N,7141.7916,W
235911,4202.1232,N,7141.7916,W
235912,4202.1232,N,7141.7916,W
235913,4202.1232,N,7141.7916,W
235914,4202.1232,N,7141.7916,W
235915,4202.1232,N,7141.7916,W
235916,4202.1232,N,7141.7916,W
235917,4202.1232,N,7141.7916,W
235918,4202.1232,N,7141.7916,W
235919,4202.1232,N,7141.7916,W
235920,4202.1232,N,7141.7916,W
235921,4202.1232,N,7141.7916,W
235922,4202.1232,N,7141.7916,W
235923,4202.1232,N,7141.7916,W
235924,4202.1232,N,7141.7916,W
235925,4202.1232,N,7141.7916,W
235926,4202.1232,N,7141.7915,W
235927,4202.1232,N,7141.7915,W
235928,4202.1232,N,7141.7915,W
235929,4202.1232,N,7141.7915,W
235930,4202.1232,N,7141.7915,W
235931,4202.1232,N,7141.7915,W
235932,4202.1232,N,7141.7915,W
235933,4202.1232,N,7141.7915,W
235934,4202.1232,N,7141.7915,W
235935,4202.1232,N,7141.7915,W
235936,4202.1232,N,7141.7915,W
235937,4202.1232,N,7141.7915,W
235938,4202.1232,N,7141.7915,W
235939,4202.1232,N,7141.7915,W
235940,4202.1232,N,7141.7915,W
235941,4202.1232,N,7141.7915,W
235942,4202.1232,N,7141.7915,W
235943,4202.1232,N,7141.7915,W
235944,4202.1232,N,7141.7915,W
235945,4202.1232,N,7141.7915,W
235946,4202.1232,N,7141.7915,W
235947,4202.1232,N,7141.7915,W
235948,4202.1232,N,7141.7915,W
235949,4202.1232,N,7141.7915,W
235950,4202.1232,N,7141.7915,W
235951,4202.1232,N,7141.7915,W
235952,4202.1232,N,7141.7915,W
235953,4202.1232,N,7141.7915,W
235954,4202.1232,N,7141.7915,W
235955,4202.1232,N,7141.7915,W
235956,4202.1232,N,7141.7915,W
235957,4202.1232,N,7141.7915,W
235958,4202.1232,N,7141.7915,W
235959,4202.1232,N,7141.7915,W
0,4202.1232,N,7141.7915,W
1,4202.1232,N,7141.7915,W
2,4202.1232,N,7141.7915,W
3,4202.1232,N,7141.7915,W
4,4202.1232,N,7141.7915,W
5,4202.1232,N,7141.7915,W
6,4202.1232,N,7141.7915,W
7,4202.1232,N,7141.7915,W
8,4202.1232,N,7141.7915,W
9,4202.1232,N,7141.7915,W
10,4202.1232,N,7141.7915,W
11,4202.1232,N,7141.7915,W
12,4202.1232,N,7141.7915,W
13,4202.1232,N,7141.7915,W
14,4202.1232,N,7141.7915,W
15,4202.1232,N,7141.7915,W
16,4202.1232,N,7141.7915,W
17,4202.1232,N,7141.7915,W
18,4202.1232,N,7141.7915,W
19,4202.1232,N,7141.7915,W
20,4202.1232,N,7141.7915,W
21,4202.1232,N,7141.7915,W
22,4202.1232,N,7141.7915,W
23,4202.1231,N,7141.7915,W
24,4202.1231,N,7141.7915,W
25,4202.1231,N,7141.7915,W
26,4202.1231,N,7141.7915,W
27,4202.1231,N,7141.7915,W
28,4202.1231,N,7141.7915,W
29,4202.1231,N,7141.7915,W
30,4202.1231,N,7141.7915,W
31,4202.1231,N,7141.7915,W
32,4202.1231,N,7141.7915,W
33,4202.1231,N,7141.7915,W
34,4202.1231,N,7141.7915,W
35,4202.1231,N,7141.7915,W
36,4202.1231,N,7141.7915,W
37,4202.1231,N,7141.7915,W
38,4202.1231,N,7141.7915,W
39,4202.1231,N,7141.7915,W
40,4202.1231,N,7141.7915,W
41,4202.1231,N,7141.7915,W
42,4202.1231,N,7141.7915,W
43,4202.1231,N,7141.7915,W
44,4202.1231,N,7141.7915,W
45,4202.1231,N,7141.7915,W
46,4202.1231,N,7141.7915,W
47,4202.1231,N,7141.7915,W
48,4202.1231,N,7141.7915,W
49,4202.1231,N,7141.7915,W
50,4202.1231,N,7141.7915,W
51,4202.1231,N,7141.7915,W
52,4202.1231,N,7141.7915,W
53,4202.1231,N,7141.7915,W
54,4202.1231,N,7141.7915,W
55,4202.1231,N,7141.7915,W
56,4202.1231,N,7141.7915,W
57,4202.1231,N,7141.7915,W
58,4202.1231,N,7141.7915,W
59,4202.1231,N,7141.7915,W
100,4202.1231,N,7141.7915,W
101,4202.1231,N,7141.7915,W
102,4202.1231,N,7141.7915,W
103,4202.1231,N,7141.7915,W
104,4202.1231,N,7141.7915,W
105,4202.1231,N,7141.7915,W
106,4202.1231,N,7141.7915,W
107,4202.1231,N,7141.7915,W
108,4202.1231,N,7141.7915,W
109,4202.1231,N,7141.7915,W
110,4202.1231,N,7141.7915,W
111,4202.1231,N,7141.7915,W
112,4202.1231,N,7141.7915,W
113,4202.1231,N,7141.7915,W
114,4202.1231,N,7141.7915,W
115,4202.1231,N,7141.7915,W
116,4202.1231,N,7141.7915,W
117,4202.1231,N,7141.7915,W
118,4202.1231,N,7141.7915,W
119,4202.1231,N,7141.7915,W
120,4202.1231,N,7141.7915,W
121,4202.1231,N,7141.7915,W
122,4202.1231,N,7141.7915,W
123,4202.1231,N,7141.7915,W
124,4202.1231,N,7141.7915,W
125,4202.1231,N,7141.7915,W
126,4202.1231,N,7141.7915,W
127,4202.1231,N,7141.7915,W
128,4202.1231,N,7141.7915,W
129,4202.1231,N,7141.7915,W
130,4202.1231,N,7141.7915,W
131,4202.1231,N,7141.7915,W
132,4202.1231,N,7141.7915,W
133,4202.1231,N,7141.7915,W
134,4202.1231,N,7141.7915,W
135,4202.1231,N,7141.7915,W
136,4202.1231,N,7141.7915,W
137,4202.1231,N,7141.7915,W
138,4202.1231,N,7141.7915,W
139,4202.1231,N,7141.7915,W
140,4202.1231,N,7141.7915,W
141,4202.1231,N,7141.7915,W
142,4202.1231,N,7141.7915,W
143,4202.1231,N,7141.7915,W
144,4202.1231,N,7141.7915,W
145,4202.1231,N,7141.7915,W
146,4202.1231,N,7141.7915,W
147,4202.1231,N,7141.7915,W
148,4202.1231,N,7141.7915,W
149,4202.1231,N,7141.7915,W
150,4202.1231,N,7141.7915,W
151,4202.1231,N,7141.7915,W
152,4202.1231,N,7141.7915,W
153,4202.1231,N,7141.7915,W
154,4202.1231,N,7141.7915,W
155,4202.1231,N,7141.7915,W
156,4202.1231,N,7141.7915,W
157,4202.1231,N,7141.7915,W
158,4202.1231,N,7141.7915,W
159,4202.1231,N,7141.7915,W
200,4202.1231,N,7141.7915,W
201,4202.1231,N,7141.7915,W
202,4202.1231,N,7141.7915,W
203,4202.1231,N,7141.7915,W
204,4202.1231,N,7141.7915,W
205,4202.1231,N,7141.7915,W
206,4202.1231,N,7141.7915,W
207,4202.1231,N,7141.7915,W
208,4202.1231,N,7141.7915,W
209,4202.1231,N,7141.7915,W
210,4202.1231,N,7141.7915,W
211,4202.1231,N,7141.7915,W
212,4202.1231,N,7141.7915,W
213,4202.1231,N,7141.7915,W
214,4202.1231,N,7141.7915,W
215,4202.1231,N,7141.7915,W
216,4202.1231,N,7141.7915,W
217,4202.1231,N,7141.7915,W
218,4202.1231,N,7141.7915,W
219,4202.1231,N,7141.7915,W
220,4202.1231,N,7141.7915,W
221,4202.1231,N,7141.7915,W
222,4202.1231,N,7141.7915,W
223,4202.1231,N,7141.7915,W
224,4202.1231,N,7141.7915,W
225,4202.1231,N,7141.7915,W
226,4202.1231,N,7141.7915,W
227,4202.1231,N,7141.7915,W
228,4202.1231,N,7141.7915,W
229,4202.1231,N,7141.7915,W
230,4202.1231,N,7141.7915,W
231,4202.1231,N,7141.7915,W
232,4202.1231,N,7141.7915,W
233,4202.1231,N,7141.7915,W
234,4202.1231,N,7141.7915,W
235,4202.1231,N,7141.7915,W
236,4202.1231,N,7141.7915,W
237,4202.1231,N,7141.7915,W
238,4202.1231,N,7141.7915,W
239,4202.1231,N,7141.7915,W
240,4202.1231,N,7141.7915,W
241,4202.1231,N,7141.7915,W
242,4202.1231,N,7141.7915,W
243,4202.1231,N,7141.7915,W
244,4202.1231,N,7141.7915,W
245,4202.1231,N,7141.7915,W
246,4202.1231,N,7141.7915,W
247,4202.1231,N,7141.7915,W
248,4202.1231,N,7141.7915,W
249,4202.1231,N,7141.7915,W
250,4202.1231,N,7141.7915,W
251,4202.1231,N,7141.7915,W
252,4202.1231,N,7141.7915,W
253,4202.1231,N,7141.7915,W
254,4202.1231,N,7141.7915,W
255,4202.1231,N,7141.7915,W
256,4202.1231,N,7141.7915,W
257,4202.1231,N,7141.7915,W
258,4202.1231,N,7141.7915,W
259,4202.1231,N,7141.7915,W
300,4202.1231,N,7141.7915,W
301,4202.1231,N,7141.7915,W
302,4202.1231,N,7141.7915,W
303,4202.1231,N,7141.7915,W
304,4202.1231,N,7141.7915,W
305,4202.1231,N,7141.7915,W
306,4202.1231,N,7141.7915,W
307,4202.1231,N,7141.7915,W
308,4202.1231,N,7141.7915,W
309,4202.1231,N,7141.7915,W
310,4202.1231,N,7141.7915,W
311,4202.1231,N,7141.7915,W
312,4202.1231,N,7141.7915,W
313,4202.1231,N,7141.7915,W
314,4202.1231,N,7141.7915,W
315,4202.1231,N,7141.7915,W
316,4202.1231,N,7141.7915,W
317,4202.1231,N,7141.7915,W
318,4202.1231,N,7141.7915,W
319,4202.1231,N,7141.7915,W
320,4202.1231,N,7141.7915,W
321,4202.1231,N,7141.7915,W
322,4202.1231,N,7141.7915,W
323,4202.1231,N,7141.7915,W
324,4202.1231,N,7141.7915,W
325,4202.1231,N,7141.7915,W
326,4202.1231,N,7141.7915,W
